No.,일시,제출여부,지역,고객구분,사업부,대공정,세부공정,장비사,장비 모델,Option,재료비(원가),영업이익률,계산금액,제출금액,채택 현황,PUMP Model,Pump FSC (As Is),Pump FSC (To Be),SEC 담당,LOT 담당,비고
1,2022-04-04,제출완료,화성,연구소,메모리,CVD,BPSG,ASM,ㅁㄴㅇㄻ,"Heat Exchanger(19F)+End Cell Purge
+ Flush Purge+N2(100)",,0.5,6987324.24,1950000,투자,DD1055H(274116H),,DD1055(27271WP03),구매그룹 정민화,이기웅,
2,2022-03-15,제출완료,ALL,연구소,메모리,DIFF,ZRO,LAM,,Shaft(Φ40)+End Cell Purge+N2(100),,0.5,6987324.24,4000000,투자,DD1855(ADD12N532079),,DD1855(ADD12N532259),구매그룹 정민화,이기웅,
3,2022-03-17,제출완료,평택,,,DIFF,ALO,,,Water 쿨링플레이트 & Line 변경 (직접쿨링 -> 간접쿨링 변경),,,,3745000,투자,DD1855PW (ADD12N532080 / ADD12N613005),,DD1855H (ADD12H532212 / ADD12H613253),구매그룹 정민화,김종균,평택 33대 진행 中
4,2022-05-09,제출완료,평택,,,CVD,MOLD,,,END CELL PURGE / IM MOTOR / 압축비 최적화,,,,4400000,,HD3500,,FSC 생성전,PCS 조현수,김성운,
5,2023-08-25,제출완료,,,,,,,,END CELL PURGE,,,,1350000,,,,,PCS 김민정,김성운,
6,2022-04-18,제출완료,ALL,,,METAL,CVD_W,,,"변경 전 BLW : OLV WS501 / 변경 후 BLW : LOT MK500
(2단 BLW 변경, 온도 변경)",,,,6630000,투자,HD600e,,HD600SePW,구매그룹 정민화,김종균,
7,2022-04-18,제출완료,ALL,,,METAL,CVD_W,,,"(2단 BLW 전환 없음, 온도 변경만 해당)",,,,900000,투자,DD605P,,DD605PW,구매그룹 정민화,김종균,
8,2022-04-18,제출완료,ALL,,,METAL,CVD_W,,,"(2단 BLW 전환 없음, 온도 변경만 해당)",,,,900000,투자,HD600e,,HD600ePW,구매그룹 정민화,김종균,
9,2021-09-30,제출완료,평택,,,CVD,ACL,,,극고온 PUMP (DP 190 / BP 180),,,,6435000,투자,HD2000eH,,HD2000eM,PCS 정기영,김성운,40대
10,2022-08-23,제출완료,평택,,,CVD,ACL,,,극고온 PUMP (DP 190 / BP 180) + BP 고온화 (167℃) 개조 + 칼레츠 O-ring 개조 가격,,,,6800000,-,HD2000eH,,HD2000eM,PCS 조현수,김종균,69대 예정
11,2022-08-23,제출완료,평택,,,CVD,BPSG,,,Pump 저온화 및 압축비 개선을 통한 주기 연장 개선 ,,,,2950000,-,HD2400eH (AHD25HB61098),,HD2400ePW (AHD25CB62228),PCS 조현수,김종균,40
12,2022-08-23,제출완료,평택,,,CVD,IPS-MOLD,,,"압축비 변경, Motor 개선을 통한 Powder 핸들링 개선 투자 (* IM 모터 추가)",,,,4400000,-,HD3500eH,,HD3500eH,PCS 조현수,김종균,97
13,2022-08-23,제출완료,평택,,,CVD,LAM-MOLD,,,"압축비 변경, Motor 개선을 통한 Powder 핸들링 개선 투자 (* IM 모터 제거)",,,,1450000,-,HD3500eH,,HD3500eH (AHD35HD51252),PCS 조현수,김종균,77
14,2022-08-23,제출완료,평택,,,DIFF,ZRO,,,납품방식  변경을 통한 PPS 작업시간 저감 및 환경안전 RISK 제거 ,,,,2055000,현업PO,PPS SMALL Rack,,,PCS 조현수,김종균,18
15,,제출완료,평택,,,CVD,SFO,,,고온화,1600000,,,,,DD1855PW,,DD1855H,,황명선,
16,,제출완료,평택,,,CVD,SFO,,,고온화,1600000,,,,,DD1855PW,,DD1855H,,황명선,
17,2023-08-25,제출완료,평택,,,CVD,PE-SIN,,,D-COATING,,,,780000,,HD2000eH,,HD2000eH,PCS 김민정,황명선,
18,2023-11-13,제출완료,평택,,,CVD,SIBN,,,HD2400eH & Hot Gun,,,,3460000,,HD2400eH,,HD2400eH (HOT GUN),PCS 김미경,김성운,
19,2023-11-13,제출완료,평택,,,CVD,SIBN,,,극고온 PUMP (DP 190 / BP 180),,,,17500000,,HD2400eH,,HD2400eM,PCS 김미경,김성운,
20,2023-07-05,제출완료,평택,,,-,-,,,RACK 협착 방지 지그,,,,150000,현업PO,RACK 협착 방지 지그,,,PCS 장성환,김종균,
21,2022-01-18,제출완료,평택,,,DIFF,ZRO & HDPL,,,인버터 장착,,,,2690000,현업PO,MK7000,,MK7000,P1D DIFF 강세현,김종균,
22,2024-02-14,제출완료,ALL,,,DIFF,ALO,,,개조 비용 산출,,,,13700000,-,DD1055PW (REV2),,DD1055PW (REV3),P1D DIFF 이경보,김종균,
23,,제출완료,ALL,,,DIFF,BATCH,,,PCW LINE 막힘 현상 개선,56270,,,,,DD1855P,,DD1855P,,김성운,무상
24,2024-03-21,제출완료,ALL,,,ALL,ALL,,,PTFE 비용,152000,,,200000,,SILICON RUBBER,,PTFE,PCS 김민정,김성운,
25,,제출완료,평택,,,CVD,MOLD,,,END CELL PURGE,,,,"       1,350,000",,HD3500eH,,HD3500eH,PCS 김민정,김성운,
26,,제출완료,,,,,,,,MOTOR,,,,"       3,050,000",,,,,,,
27,,제출완료,평택,,,CVD,PE-SIN,,,NI_COATING,,,,780000,,HD2000eH,,HD2000eH,,,
28,,제출완료,화성,,,ALL,-,,,Water Line Check Valve (공냉식 -> 수냉식),,,,220000,현업PO,-,,-,PCS 김미경,,1SET 기준 (IN & OUT)
29,,제출완료,ALL,,,ALL,-,,,DD 30￠ → 40￠,,,,2650000,,DD 30￠,,DD 40￠,,이기웅,
30,,제출완료,ALL,,,ALL,-,,,D코팅 + 끝셀퍼지 + 압축비,,,,,,"HD3500ePW
(AHD35CD51057)",,"HD3500ePW
(AHD35CD51350)",,,
31,,제출완료,화성,,,CVD,SIBN,,,N2 Purge 50 → 120,,,,373000,,HD2400eH + N2 Purge 50SLM,,HD2400eH + N2 Purge 120SLM,PCS 김미경,김종균,
32,,제출완료,화성,,,CVD,SIBN,,,HD2400eH HOT-GUN'!A1,,,,4500000,,HD2400eH,,HD2400eH + HOT-GUN (HOT-N2 일체형 방식),PCS 김미경,김종균,
33,,제출완료,평택,,,CVD,MOLD,,,압축비조절 / Lobe Touching 방지 /끝단 Cell Purge,,,,500000,,HD3500eH,,HD3500eH,PCS 전양석,남궁경란,26년 예산 확보 확인 건
34,,제출완료,평택,,,CVD,MOLD,,,압축비조절 / Lobe Touching 방지 /끝단 Cell Purge,,,,500000,,HD5500HHF,,HD5500HHF,PCS 전양석,남궁경란,26년 예산 확보 확인 건
35,,제출완료,화성,,,CVD,SIBN,,,(최종개선안) 극고온 (190℃) + N2 Purge 120LPM,,,,8000000,,"HD2400eH
(AHD25HB62159)",,"HD2400eM
(AHD25XB62339)",PCS 신성은,김종균,
36,,제출완료,ALL,,,ALL,-,,,DD 30￠ → 40￠,,,,3500000,,DD 30￠,,DD 40￠,PCS 서준혁,김종균,화성 기슬회의 (08/25)
37,,제출완료,ALL,,,ALL,-,,,DD 30￠ → 40￠+ 65℃ (저온),,,,5500000,,DD 30￠,,DD 40￠ + 65℃ (저온),PCS 서준혁,김종균,"화성 기슬회의 (08/25)
65저온시 (200만원)"
38,2025-08-26,제출완료,중국,,,ETCH,-,,,직접 → 간접 Cooling System,,,,1800000,투자,XD1200,,XD1200,SCS PCS팀,황명선,
39,2025-09-30,제출완료,화성,,,DIFF,ALO,,,"Seal Purge Orifice 변경(Φ0.2→Φ0.4)
Piston ring Holder 가공",116000,,,320000,,"DD1055
(ADD06C522270)",,"DD1055
(ADD06C522270)",PCS 박도현,황명선,"평택 횡전개 검토 필요
REV.3 해당 없음"
40,2025-09-30,제출완료,평택,,,DIFF,ALO,,,"Seal Purge Orifice 변경(Φ0.2→Φ0.4)
Piston ring Holder 가공",80000,,,200000,,"DD1855
(ADD12H532311)",,"DD1855
(ADD12H532311)",PCS 박도현,황명선,"REV.3 해당 없음
화성 DD1855 없음"
41,2025-12-11,제출완료,,,,,,,,Hot N2 내장형,1200000,,,3380000,,DD1055H,,DD1055HN,구매 정민화,남궁경란,Foundry CVD 평가
42,2025-12-11,제출완료,,,,,,,,Hot N2 내장형,5045804,,,9680000,,DD1055H,,DD1055HN,구매 정민화,남궁경란,Foundry CVD 평가
43,,제출완료,,,,,,,,PT09 2차 Teflon 개선안,,,,120000,,PT09 2차 Teflon 개선안,,,D기술팀,남궁경란,
44,2026-03-30,제출완료,평택,,,DIFF,ALO,,,"Seal Purge Orifice 변경(Φ0.2→Φ0.4)
Piston ring Holder 가공",160650,,,320000,,"DD1055(REV3) _ADD06H593185, ADD06H593222, ADD06H603370",,DD1855(REV2) _ ADD12H532430,PCS 박성민,남궁경란,"REV.3 해당 없음
화성 DD1855 없음"
45,2026-03-30,제출완료,평택,,,IMP,Thin Poly,,,Sol valve 장착,248200,,,480000,,DD2000HP,,DD2000HP,PCS 전양석,남궁경란,
46,2026-04-30,제출완료,화성,,,,,,,Water Leak Sensor,,,,1600000,,,,,PCS 홍훈호,유한,"신제품 : 기본사양
신품 : 개조비 적용"
47,,제출완료,ALL,,,DIFF,,,,PT09 -> PPS PLUS,6000000,,,,,,,,,황명선,
48,2026-06-25,제출완료,화성,,,CVD,"ARC, TEOS",,,N2 Purge 60 → 100 + END Cell Purge 증대,1370000,,,2300000,,DD1055H (REV2),,DD1055H (REV2),PCS 서준혁,김종균,"SHEET 추삭 참조
(DD (REV2) 개선 ITEM)"
49,2026-06-25,제출완료,화성,,,CVD,"ARC, TEOS",,,DD1055H (REV2) → DD1055H (REV2) _ 저온,무상,,,0,,DD1055H (REV2),,DD1055H (REV2) / 저온,PCS 서준혁,김종균,"SHEET 추삭 참조
(DD (REV2) 개선 ITEM)"
50,2026-06-25,제출완료,화성,,,CVD,"ARC, TEOS",,,DD1055H (REV2) → DD1055H (REV2) _ 고온 / 130℃,650000,,,650000,,DD1055H (REV2),,DD1055H (REV2) / 고온,PCS 서준혁,김종균,"SHEET 추삭 참조
(DD (REV2) 개선 ITEM)"
51,2026-07-08,제출완료,기흥,,,CVD,WDC,,,ADD06N603372→ADD06H603370,2986036,,,6987000,,DD1055P (REV3),,ADD06H603370,"PCS 황상민, 권성민","박현준, 이기웅",
